family,measurement_version,figure_package_version,panel,figure_id,title,gate,validation_domain,applicability,status,figure_png,figure_svg,figure_pdf,source_data,caption,provenance_json,reviewer_note
QGAIN,qgain-v4.1.0,qgain-v4.1.0-figures-v1.0.0,A,A01_amplitude_modulation_dose,Within-segment IQR dose recovery,G4,Dose response,REQUIRED,PASS,figures/png/A01_amplitude_modulation_dose.png,figures/svg/A01_amplitude_modulation_dose.svg,figures/pdf/A01_amplitude_modulation_dose.pdf,source_data/A01_amplitude_modulation_dose.csv,captions/A01_amplitude_modulation_dose.md,provenance/A01_amplitude_modulation_dose.json,
QGAIN,qgain-v4.1.0,qgain-v4.1.0-figures-v1.0.0,A,A02_segment_offset_dose,Between-segment MAD dose recovery,G4,Dose response,REQUIRED,PASS,figures/png/A02_segment_offset_dose.png,figures/svg/A02_segment_offset_dose.svg,figures/pdf/A02_segment_offset_dose.pdf,source_data/A02_segment_offset_dose.csv,captions/A02_segment_offset_dose.md,provenance/A02_segment_offset_dose.json,
QGAIN,qgain-v4.1.0,qgain-v4.1.0-figures-v1.0.0,A,A03_linear_drift_dose,Absolute drift dose recovery,G4,Dose response,REQUIRED,PASS,figures/png/A03_linear_drift_dose.png,figures/svg/A03_linear_drift_dose.svg,figures/pdf/A03_linear_drift_dose.pdf,source_data/A03_linear_drift_dose.csv,captions/A03_linear_drift_dose.md,provenance/A03_linear_drift_dose.json,
QGAIN,qgain-v4.1.0,qgain-v4.1.0-figures-v1.0.0,B,B01_causal_nonidentifiability_parity,Causal non-identifiability,G5,Discriminant validity,REQUIRED,PASS,figures/png/B01_causal_nonidentifiability_parity.png,figures/svg/B01_causal_nonidentifiability_parity.svg,figures/pdf/B01_causal_nonidentifiability_parity.pdf,source_data/B01_causal_nonidentifiability_parity.csv,captions/B01_causal_nonidentifiability_parity.md,provenance/B01_causal_nonidentifiability_parity.json,"Passes by demonstrating and bounding non-identifiability, not by resolving cause."
QGAIN,qgain-v4.1.0,qgain-v4.1.0-figures-v1.0.0,B,B02_constant_rms_spectral_false_response,Constant-RMS spectral control,G5,Discriminant validity,REQUIRED,PASS,figures/png/B02_constant_rms_spectral_false_response.png,figures/svg/B02_constant_rms_spectral_false_response.svg,figures/pdf/B02_constant_rms_spectral_false_response.pdf,source_data/B02_constant_rms_spectral_false_response.csv,captions/B02_constant_rms_spectral_false_response.md,provenance/B02_constant_rms_spectral_false_response.json,
QGAIN,qgain-v4.1.0,qgain-v4.1.0-figures-v1.0.0,C,C01_uniform_gain_equivariance,Uniform gain equivariance,G3,Transformation behavior,REQUIRED,PASS,figures/png/C01_uniform_gain_equivariance.png,figures/svg/C01_uniform_gain_equivariance.svg,figures/pdf/C01_uniform_gain_equivariance.pdf,source_data/C01_uniform_gain_equivariance.csv,captions/C01_uniform_gain_equivariance.md,provenance/C01_uniform_gain_equivariance.json,
QGAIN,qgain-v4.1.0,qgain-v4.1.0-figures-v1.0.0,C,C02_uniform_gain_dynamics_invariance,Uniform gain invariance,G3,Transformation behavior,REQUIRED,PASS,figures/png/C02_uniform_gain_dynamics_invariance.png,figures/svg/C02_uniform_gain_dynamics_invariance.svg,figures/pdf/C02_uniform_gain_dynamics_invariance.pdf,source_data/C02_uniform_gain_dynamics_invariance.csv,captions/C02_uniform_gain_dynamics_invariance.md,provenance/C02_uniform_gain_dynamics_invariance.json,
QGAIN,qgain-v4.1.0,qgain-v4.1.0-figures-v1.0.0,C,C03_codec_roundtrip_sensitivity,Codec round-trip sensitivity,G3,Transformation behavior,REQUIRED,PASS,figures/png/C03_codec_roundtrip_sensitivity.png,figures/svg/C03_codec_roundtrip_sensitivity.svg,figures/pdf/C03_codec_roundtrip_sensitivity.pdf,source_data/C03_codec_roundtrip_sensitivity.csv,captions/C03_codec_roundtrip_sensitivity.md,provenance/C03_codec_roundtrip_sensitivity.json,
QGAIN,qgain-v4.1.0,qgain-v4.1.0-figures-v1.0.0,C,C04_resampling_sensitivity,Resampling sensitivity,G3,Transformation behavior,REQUIRED,PASS,figures/png/C04_resampling_sensitivity.png,figures/svg/C04_resampling_sensitivity.svg,figures/pdf/C04_resampling_sensitivity.pdf,source_data/C04_resampling_sensitivity.csv,captions/C04_resampling_sensitivity.md,provenance/C04_resampling_sensitivity.json,
QGAIN,qgain-v4.1.0,qgain-v4.1.0-figures-v1.0.0,D,D01_support_threshold_contract,Support threshold contract,G6,Support and uncertainty,REQUIRED,PASS,figures/png/D01_support_threshold_contract.png,figures/svg/D01_support_threshold_contract.svg,figures/pdf/D01_support_threshold_contract.pdf,source_data/D01_support_threshold_contract.csv,captions/D01_support_threshold_contract.md,provenance/D01_support_threshold_contract.json,
QGAIN,qgain-v4.1.0,qgain-v4.1.0-figures-v1.0.0,D,D02_guarded_support_distribution,Cohort guarded-speech support,G6/G7,Support and uncertainty,REQUIRED,PASS,figures/png/D02_guarded_support_distribution.png,figures/svg/D02_guarded_support_distribution.svg,figures/pdf/D02_guarded_support_distribution.pdf,source_data/D02_guarded_support_distribution.csv,captions/D02_guarded_support_distribution.md,provenance/D02_guarded_support_distribution.json,
QGAIN,qgain-v4.1.0,qgain-v4.1.0-figures-v1.0.0,D,D03_interval_count_distribution,Cohort guarded-speech interval count,G6/G7,Support and uncertainty,REQUIRED,PASS,figures/png/D03_interval_count_distribution.png,figures/svg/D03_interval_count_distribution.svg,figures/pdf/D03_interval_count_distribution.pdf,source_data/D03_interval_count_distribution.csv,captions/D03_interval_count_distribution.md,provenance/D03_interval_count_distribution.json,
QGAIN,qgain-v4.1.0,qgain-v4.1.0-figures-v1.0.0,D,D04_availability_and_support_tiers,Availability and support tiers,G6/G7,Support and uncertainty,REQUIRED,PASS,figures/png/D04_availability_and_support_tiers.png,figures/svg/D04_availability_and_support_tiers.svg,figures/pdf/D04_availability_and_support_tiers.pdf,source_data/D04_availability_and_support_tiers.csv,captions/D04_availability_and_support_tiers.md,provenance/D04_availability_and_support_tiers.json,
QGAIN,qgain-v4.1.0,qgain-v4.1.0-figures-v1.0.0,E,E01_segment_deletion_sensitivity,Delete-one-segment sensitivity,G6,Reliability and robustness,REQUIRED,PASS,figures/png/E01_segment_deletion_sensitivity.png,figures/svg/E01_segment_deletion_sensitivity.svg,figures/pdf/E01_segment_deletion_sensitivity.pdf,source_data/E01_segment_deletion_sensitivity.csv,captions/E01_segment_deletion_sensitivity.md,provenance/E01_segment_deletion_sensitivity.json,
QGAIN,qgain-v4.1.0,qgain-v4.1.0-figures-v1.0.0,E,E02_boundary_guard_sensitivity,Boundary-guard sensitivity,G6,Reliability and robustness,REQUIRED,PASS,figures/png/E02_boundary_guard_sensitivity.png,figures/svg/E02_boundary_guard_sensitivity.svg,figures/pdf/E02_boundary_guard_sensitivity.pdf,source_data/E02_boundary_guard_sensitivity.csv,captions/E02_boundary_guard_sensitivity.md,provenance/E02_boundary_guard_sensitivity.json,
QGAIN,qgain-v4.1.0,qgain-v4.1.0-figures-v1.0.0,E,E03_role_specific_robustness_summary,Role-specific robustness,G6/G10,Reliability and robustness,REQUIRED,PASS,figures/png/E03_role_specific_robustness_summary.png,figures/svg/E03_role_specific_robustness_summary.svg,figures/pdf/E03_role_specific_robustness_summary.pdf,source_data/E03_role_specific_robustness_summary.csv,captions/E03_role_specific_robustness_summary.md,provenance/E03_role_specific_robustness_summary.json,
QGAIN,qgain-v4.1.0,qgain-v4.1.0-figures-v1.0.0,F,F01_qgain_typical_speech_level_dbfs_distribution,Distribution of Typical speech level,G7,Empirical plausibility,REQUIRED,PASS,figures/png/F01_qgain_typical_speech_level_dbfs_distribution.png,figures/svg/F01_qgain_typical_speech_level_dbfs_distribution.svg,figures/pdf/F01_qgain_typical_speech_level_dbfs_distribution.pdf,source_data/F01_qgain_typical_speech_level_dbfs_distribution.csv,captions/F01_qgain_typical_speech_level_dbfs_distribution.md,provenance/F01_qgain_typical_speech_level_dbfs_distribution.json,
QGAIN,qgain-v4.1.0,qgain-v4.1.0-figures-v1.0.0,F,F02_qgain_within_segment_iqr_db_distribution,Distribution of Within-segment IQR,G7,Empirical plausibility,REQUIRED,PASS,figures/png/F02_qgain_within_segment_iqr_db_distribution.png,figures/svg/F02_qgain_within_segment_iqr_db_distribution.svg,figures/pdf/F02_qgain_within_segment_iqr_db_distribution.pdf,source_data/F02_qgain_within_segment_iqr_db_distribution.csv,captions/F02_qgain_within_segment_iqr_db_distribution.md,provenance/F02_qgain_within_segment_iqr_db_distribution.json,
QGAIN,qgain-v4.1.0,qgain-v4.1.0-figures-v1.0.0,F,F03_qgain_between_segment_mad_db_distribution,Distribution of Between-segment MAD,G7,Empirical plausibility,REQUIRED,PASS,figures/png/F03_qgain_between_segment_mad_db_distribution.png,figures/svg/F03_qgain_between_segment_mad_db_distribution.svg,figures/pdf/F03_qgain_between_segment_mad_db_distribution.pdf,source_data/F03_qgain_between_segment_mad_db_distribution.csv,captions/F03_qgain_between_segment_mad_db_distribution.md,provenance/F03_qgain_between_segment_mad_db_distribution.json,
QGAIN,qgain-v4.1.0,qgain-v4.1.0-figures-v1.0.0,F,F04_qgain_abs_drift_db_per_min_distribution,Distribution of Absolute drift,G7,Empirical plausibility,REQUIRED,PASS,figures/png/F04_qgain_abs_drift_db_per_min_distribution.png,figures/svg/F04_qgain_abs_drift_db_per_min_distribution.svg,figures/pdf/F04_qgain_abs_drift_db_per_min_distribution.pdf,source_data/F04_qgain_abs_drift_db_per_min_distribution.csv,captions/F04_qgain_abs_drift_db_per_min_distribution.md,provenance/F04_qgain_abs_drift_db_per_min_distribution.json,
QGAIN,qgain-v4.1.0,qgain-v4.1.0-figures-v1.0.0,G,G01_qgain_typical_speech_level_dbfs_q05_trajectory,Signal-linked Typical speech level q05,G7,Interpretability,REQUIRED,PASS,figures/png/G01_qgain_typical_speech_level_dbfs_q05_trajectory.png,figures/svg/G01_qgain_typical_speech_level_dbfs_q05_trajectory.svg,figures/pdf/G01_qgain_typical_speech_level_dbfs_q05_trajectory.pdf,source_data/G01_qgain_typical_speech_level_dbfs_q05_trajectory.csv,captions/G01_qgain_typical_speech_level_dbfs_q05_trajectory.md,provenance/G01_qgain_typical_speech_level_dbfs_q05_trajectory.json,
QGAIN,qgain-v4.1.0,qgain-v4.1.0-figures-v1.0.0,G,G02_qgain_typical_speech_level_dbfs_q95_trajectory,Signal-linked Typical speech level q95,G7,Interpretability,REQUIRED,PASS,figures/png/G02_qgain_typical_speech_level_dbfs_q95_trajectory.png,figures/svg/G02_qgain_typical_speech_level_dbfs_q95_trajectory.svg,figures/pdf/G02_qgain_typical_speech_level_dbfs_q95_trajectory.pdf,source_data/G02_qgain_typical_speech_level_dbfs_q95_trajectory.csv,captions/G02_qgain_typical_speech_level_dbfs_q95_trajectory.md,provenance/G02_qgain_typical_speech_level_dbfs_q95_trajectory.json,
QGAIN,qgain-v4.1.0,qgain-v4.1.0-figures-v1.0.0,G,G03_qgain_within_segment_iqr_db_q05_trajectory,Signal-linked Within-segment IQR q05,G7,Interpretability,REQUIRED,PASS,figures/png/G03_qgain_within_segment_iqr_db_q05_trajectory.png,figures/svg/G03_qgain_within_segment_iqr_db_q05_trajectory.svg,figures/pdf/G03_qgain_within_segment_iqr_db_q05_trajectory.pdf,source_data/G03_qgain_within_segment_iqr_db_q05_trajectory.csv,captions/G03_qgain_within_segment_iqr_db_q05_trajectory.md,provenance/G03_qgain_within_segment_iqr_db_q05_trajectory.json,
QGAIN,qgain-v4.1.0,qgain-v4.1.0-figures-v1.0.0,G,G04_qgain_within_segment_iqr_db_q95_trajectory,Signal-linked Within-segment IQR q95,G7,Interpretability,REQUIRED,PASS,figures/png/G04_qgain_within_segment_iqr_db_q95_trajectory.png,figures/svg/G04_qgain_within_segment_iqr_db_q95_trajectory.svg,figures/pdf/G04_qgain_within_segment_iqr_db_q95_trajectory.pdf,source_data/G04_qgain_within_segment_iqr_db_q95_trajectory.csv,captions/G04_qgain_within_segment_iqr_db_q95_trajectory.md,provenance/G04_qgain_within_segment_iqr_db_q95_trajectory.json,
QGAIN,qgain-v4.1.0,qgain-v4.1.0-figures-v1.0.0,G,G05_qgain_between_segment_mad_db_q05_trajectory,Signal-linked Between-segment MAD q05,G7,Interpretability,REQUIRED,PASS,figures/png/G05_qgain_between_segment_mad_db_q05_trajectory.png,figures/svg/G05_qgain_between_segment_mad_db_q05_trajectory.svg,figures/pdf/G05_qgain_between_segment_mad_db_q05_trajectory.pdf,source_data/G05_qgain_between_segment_mad_db_q05_trajectory.csv,captions/G05_qgain_between_segment_mad_db_q05_trajectory.md,provenance/G05_qgain_between_segment_mad_db_q05_trajectory.json,
QGAIN,qgain-v4.1.0,qgain-v4.1.0-figures-v1.0.0,G,G06_qgain_between_segment_mad_db_q95_trajectory,Signal-linked Between-segment MAD q95,G7,Interpretability,REQUIRED,PASS,figures/png/G06_qgain_between_segment_mad_db_q95_trajectory.png,figures/svg/G06_qgain_between_segment_mad_db_q95_trajectory.svg,figures/pdf/G06_qgain_between_segment_mad_db_q95_trajectory.pdf,source_data/G06_qgain_between_segment_mad_db_q95_trajectory.csv,captions/G06_qgain_between_segment_mad_db_q95_trajectory.md,provenance/G06_qgain_between_segment_mad_db_q95_trajectory.json,
QGAIN,qgain-v4.1.0,qgain-v4.1.0-figures-v1.0.0,G,G07_qgain_abs_drift_db_per_min_q05_trajectory,Signal-linked Absolute drift q05,G7,Interpretability,REQUIRED,PASS,figures/png/G07_qgain_abs_drift_db_per_min_q05_trajectory.png,figures/svg/G07_qgain_abs_drift_db_per_min_q05_trajectory.svg,figures/pdf/G07_qgain_abs_drift_db_per_min_q05_trajectory.pdf,source_data/G07_qgain_abs_drift_db_per_min_q05_trajectory.csv,captions/G07_qgain_abs_drift_db_per_min_q05_trajectory.md,provenance/G07_qgain_abs_drift_db_per_min_q05_trajectory.json,
QGAIN,qgain-v4.1.0,qgain-v4.1.0-figures-v1.0.0,G,G08_qgain_abs_drift_db_per_min_q95_trajectory,Signal-linked Absolute drift q95,G7,Interpretability,REQUIRED,PASS,figures/png/G08_qgain_abs_drift_db_per_min_q95_trajectory.png,figures/svg/G08_qgain_abs_drift_db_per_min_q95_trajectory.svg,figures/pdf/G08_qgain_abs_drift_db_per_min_q95_trajectory.pdf,source_data/G08_qgain_abs_drift_db_per_min_q95_trajectory.csv,captions/G08_qgain_abs_drift_db_per_min_q95_trajectory.md,provenance/G08_qgain_abs_drift_db_per_min_q95_trajectory.json,
QGAIN,qgain-v4.1.0,qgain-v4.1.0-figures-v1.0.0,H,H01_repeated_recording_persistence,Repeated-recording persistence,G8,Reliability,REQUIRED,PASS,figures/png/H01_repeated_recording_persistence.png,figures/svg/H01_repeated_recording_persistence.svg,figures/pdf/H01_repeated_recording_persistence.pdf,source_data/H01_repeated_recording_persistence.csv,captions/H01_repeated_recording_persistence.md,provenance/H01_repeated_recording_persistence.json,
QGAIN,qgain-v4.1.0,qgain-v4.1.0-figures-v1.0.0,H,H02_within_family_redundancy,Within-family redundancy,G8,Reliability and redundancy,REQUIRED,PASS,figures/png/H02_within_family_redundancy.png,figures/svg/H02_within_family_redundancy.svg,figures/pdf/H02_within_family_redundancy.pdf,source_data/H02_within_family_redundancy.csv,captions/H02_within_family_redundancy.md,provenance/H02_within_family_redundancy.json,
QGAIN,qgain-v4.1.0,qgain-v4.1.0-figures-v1.0.0,H,H03_subject_balanced_weighting_sensitivity,Subject-balanced sensitivity,G8,Reliability and redundancy,REQUIRED,PASS,figures/png/H03_subject_balanced_weighting_sensitivity.png,figures/svg/H03_subject_balanced_weighting_sensitivity.svg,figures/pdf/H03_subject_balanced_weighting_sensitivity.pdf,source_data/H03_subject_balanced_weighting_sensitivity.csv,captions/H03_subject_balanced_weighting_sensitivity.md,provenance/H03_subject_balanced_weighting_sensitivity.json,
QGAIN,qgain-v4.1.0,qgain-v4.1.0-figures-v1.0.0,J,J01_ml_interface_contract,ML interface contract,G10,Quality-aware ML handoff,OPTIONAL,PASS,figures/png/J01_ml_interface_contract.png,figures/svg/J01_ml_interface_contract.svg,figures/pdf/J01_ml_interface_contract.pdf,source_data/J01_ml_interface_contract.csv,captions/J01_ml_interface_contract.md,provenance/J01_ml_interface_contract.json,
