feature,gain_db,expected_change,observed_change,absolute_error,table,source_sample_rate_hz,difference,codec,codec_class,absolute_difference,tolerance,tolerance_ratio
qadd_pause_ac_level_dbfs_median,-12.0,-12.0,-12.0,0.0,gain,,,,,,,
qadd_pause_level_iqr_db,-12.0,0.0,0.0,0.0,gain,,,,,,,
qadd_speech_pause_level_contrast_db,-12.0,0.0,0.0,0.0,gain,,,,,,,
qadd_pause_spectral_flatness,-12.0,0.0,1.5543122344752192e-15,1.5543122344752192e-15,gain,,,,,,,
qadd_mains_hum_comb_score_db,-12.0,0.0,-4.440892098500626e-16,4.440892098500626e-16,gain,,,,,,,
qadd_pause_ac_level_dbfs_median,-6.0,-6.0,-6.0,0.0,gain,,,,,,,
qadd_pause_level_iqr_db,-6.0,0.0,0.0,0.0,gain,,,,,,,
qadd_speech_pause_level_contrast_db,-6.0,0.0,0.0,0.0,gain,,,,,,,
qadd_pause_spectral_flatness,-6.0,0.0,1.5543122344752192e-15,1.5543122344752192e-15,gain,,,,,,,
qadd_mains_hum_comb_score_db,-6.0,0.0,-8.881784197001252e-16,8.881784197001252e-16,gain,,,,,,,
qadd_pause_ac_level_dbfs_median,0.0,0.0,0.0,0.0,gain,,,,,,,
qadd_pause_level_iqr_db,0.0,0.0,0.0,0.0,gain,,,,,,,
qadd_speech_pause_level_contrast_db,0.0,0.0,0.0,0.0,gain,,,,,,,
qadd_pause_spectral_flatness,0.0,0.0,0.0,0.0,gain,,,,,,,
qadd_mains_hum_comb_score_db,0.0,0.0,0.0,0.0,gain,,,,,,,
qadd_pause_ac_level_dbfs_median,6.0,6.0,6.0,0.0,gain,,,,,,,
qadd_pause_level_iqr_db,6.0,0.0,0.0,0.0,gain,,,,,,,
qadd_speech_pause_level_contrast_db,6.0,0.0,-3.552713678800501e-15,3.552713678800501e-15,gain,,,,,,,
qadd_pause_spectral_flatness,6.0,0.0,1.887379141862766e-15,1.887379141862766e-15,gain,,,,,,,
qadd_mains_hum_comb_score_db,6.0,0.0,0.0,0.0,gain,,,,,,,
qadd_pause_ac_level_dbfs_median,12.0,12.0,12.0,0.0,gain,,,,,,,
qadd_pause_level_iqr_db,12.0,0.0,0.0,0.0,gain,,,,,,,
qadd_speech_pause_level_contrast_db,12.0,0.0,0.0,0.0,gain,,,,,,,
qadd_pause_spectral_flatness,12.0,0.0,6.661338147750939e-16,6.661338147750939e-16,gain,,,,,,,
qadd_mains_hum_comb_score_db,12.0,0.0,8.881784197001252e-16,8.881784197001252e-16,gain,,,,,,,
pause_ac_level_dbfs_median,,,,,resampling,44100.0,-0.21347535601840661,,,,,
pause_ac_level_dbfs_median,,,,,resampling,48000.0,-0.21409437829466071,,,,,
pause_level_iqr_db,,,,,resampling,44100.0,-0.001253960647161989,,,,,
pause_level_iqr_db,,,,,resampling,48000.0,-0.0012697182820105013,,,,,
speech_pause_level_contrast_db,,,,,resampling,44100.0,0.21492864372726217,,,,,
speech_pause_level_contrast_db,,,,,resampling,48000.0,0.21539398743724192,,,,,
pause_spectral_flatness,,,,,resampling,44100.0,-4.096018972443716e-06,,,,,
pause_spectral_flatness,,,,,resampling,48000.0,-4.842152744655159e-06,,,,,
mains_hum_comb_score_db,,,,,resampling,44100.0,-5.757042181198102e-05,,,,,
mains_hum_comb_score_db,,,,,resampling,48000.0,-3.9093132320644486e-05,,,,,
qadd_pause_ac_level_dbfs_median,,,,,codec,,0.00042406932259098085,flac,lossless,0.00042406932259098085,1.0,0.00042406932259098085
qadd_pause_level_iqr_db,,,,,codec,,0.000669420000086518,flac,lossless,0.000669420000086518,0.5,0.001338840000173036
qadd_speech_pause_level_contrast_db,,,,,codec,,-0.00042647147359886617,flac,lossless,0.00042647147359886617,0.75,0.0005686286314651549
qadd_pause_spectral_flatness,,,,,codec,,-4.265184485174878e-05,flac,lossless,4.265184485174878e-05,0.03,0.0014217281617249593
qadd_mains_hum_comb_score_db,,,,,codec,,0.0024094670633560966,flac,lossless,0.0024094670633560966,1.5,0.001606311375570731
qadd_pause_ac_level_dbfs_median,,,,,codec,,-0.29732269020671964,opus_64k,lossy,0.29732269020671964,1.0,0.29732269020671964
qadd_pause_level_iqr_db,,,,,codec,,-0.014080025268448537,opus_64k,lossy,0.014080025268448537,0.5,0.028160050536897074
qadd_speech_pause_level_contrast_db,,,,,codec,,0.2557856330684025,opus_64k,lossy,0.2557856330684025,0.75,0.34104751075787004
qadd_pause_spectral_flatness,,,,,codec,,0.0002516997228450002,opus_64k,lossy,0.0002516997228450002,0.03,0.008389990761500007
qadd_mains_hum_comb_score_db,,,,,codec,,-0.1561507859362301,opus_64k,lossy,0.1561507859362301,1.5,0.10410052395748674
qadd_pause_ac_level_dbfs_median,,,,,codec,,-0.21272764396667299,aac_96k,lossy,0.21272764396667299,1.0,0.21272764396667299
qadd_pause_level_iqr_db,,,,,codec,,0.04273544605181456,aac_96k,lossy,0.04273544605181456,0.5,0.08547089210362913
qadd_speech_pause_level_contrast_db,,,,,codec,,0.20868911649783328,aac_96k,lossy,0.20868911649783328,0.75,0.2782521553304444
qadd_pause_spectral_flatness,,,,,codec,,-0.004800204472866998,aac_96k,lossy,0.004800204472866998,0.03,0.16000681576223327
qadd_mains_hum_comb_score_db,,,,,codec,,0.030831774471443474,aac_96k,lossy,0.030831774471443474,1.5,0.02055451631429565
qadd_pause_ac_level_dbfs_median,,,,,codec,,-0.8768127020302927,mp3_96k,lossy,0.8768127020302927,1.0,0.8768127020302927
qadd_pause_level_iqr_db,,,,,codec,,-0.027509318985515563,mp3_96k,lossy,0.027509318985515563,0.5,0.055018637971031126
qadd_speech_pause_level_contrast_db,,,,,codec,,0.4313364347044377,mp3_96k,lossy,0.4313364347044377,0.75,0.5751152462725836
qadd_pause_spectral_flatness,,,,,codec,,9.569588773372661e-05,mp3_96k,lossy,9.569588773372661e-05,0.03,0.003189862924457554
qadd_mains_hum_comb_score_db,,,,,codec,,-0.21506541470362617,mp3_96k,lossy,0.21506541470362617,1.5,0.14337694313575078
